{
"parent": "minecraft:block/carved_pumpkin",
 "textures": {
  "layer0": "item/carved_pumpkin"
 },
 
 "overrides": [
  {"predicate": {"custom_model_data":1}, "model": "block/custom/wizard_hat"},
  {"predicate": {"custom_model_data":2}, "model": "block/custom/gift_hat"},
  {"predicate": {"custom_model_data":3}, "model": "block/custom/merchant_hat"},
  {"predicate": {"custom_model_data":4}, "model": "block/custom/crown"},
  {"predicate": {"custom_model_data":5}, "model": "block/custom/fancy_hat"},
  {"predicate": {"custom_model_data":6}, "model": "block/custom/very_fancy_hat"},
  {"predicate": {"custom_model_data":7}, "model": "block/custom/chef_hat"},
  {"predicate": {"custom_model_data":8}, "model": "block/custom/farmer_hat"},
  {"predicate": {"custom_model_data":9}, "model": "block/custom/top_hat"},
  {"predicate": {"custom_model_data":10}, "model": "block/custom/wig"},
  {"predicate": {"custom_model_data":11}, "model": "block/custom/wizard_hat_green"},
  {"predicate": {"custom_model_data":12}, "model": "block/custom/joker_hat"},
  {"predicate": {"custom_model_data":13}, "model": "block/custom/cluckshroom_hat"},
  {"predicate": {"custom_model_data":14}, "model": "block/custom/explorer_hat"},
  {"predicate": {"custom_model_data":15}, "model": "block/custom/detective_hat"}

 ]
}